{"cameraMode":{"drawMode":0,"name":"Shaded","section":"Shading Mode"},"sceneLighting":true,"audioPlay":false,"sceneViewState":{"showFog":true,"showMaterialUpdate":false,"showSkybox":true,"showFlares":true,"showImageEffects":true,"showParticleSystems":true},"in2DMode":false,"pivot":{"x":-0.4999985694885254,"y":0.8686646819114685,"z":-0.5000004768371582},"rotation":{"x":0.4907894432544708,"y":-0.0033974347170442344,"z":0.0019121166551485658,"w":0.8712695837020874},"size":29.839942932128908,"orthographic":true}