{"cameraMode":{"drawMode":0,"name":"Shaded","section":"Shading Mode"},"sceneLighting":false,"audioPlay":false,"sceneViewState":{"showFog":true,"showMaterialUpdate":false,"showSkybox":false,"showFlares":true,"showImageEffects":true,"showParticleSystems":true},"in2DMode":false,"pivot":{"x":0.05011014640331268,"y":0.024439774453639985,"z":0.449889600276947},"rotation":{"x":0.69682776927948,"y":-0.00602400116622448,"z":0.0058512031100690369,"w":0.7171893119812012},"size":0.28045907616615298,"orthographic":true}