{"cameraMode":{"drawMode":0,"name":"Shaded","section":"Shading Mode"},"sceneLighting":false,"audioPlay":false,"sceneViewState":{"showFog":true,"showMaterialUpdate":false,"showSkybox":false,"showFlares":true,"showImageEffects":true,"showParticleSystems":true},"in2DMode":false,"pivot":{"x":0.05000000447034836,"y":0.0536726750433445,"z":0.05090443789958954},"rotation":{"x":0.69682776927948,"y":-0.00602400116622448,"z":0.0058512031100690369,"w":0.7171893119812012},"size":0.246021568775177,"orthographic":true}