{"cameraMode":{"drawMode":0,"name":"Shaded","section":"Shading Mode"},"sceneLighting":false,"audioPlay":false,"sceneViewState":{"showFog":true,"showMaterialUpdate":false,"showSkybox":false,"showFlares":true,"showImageEffects":true,"showParticleSystems":true},"in2DMode":false,"pivot":{"x":-0.7478500604629517,"y":0.1354023516178131,"z":-0.7518302202224731},"rotation":{"x":0.34999698400497439,"y":0.039326295256614688,"z":-0.014709245413541794,"w":0.9358094334602356},"size":0.47018957138061526,"orthographic":true}